{"cameraMode":{"drawMode":0,"name":"Shaded","section":"Shading Mode"},"sceneLighting":true,"audioPlay":false,"sceneViewState":{"showFog":true,"showMaterialUpdate":false,"showSkybox":true,"showFlares":true,"showImageEffects":true,"showParticleSystems":true},"in2DMode":false,"pivot":{"x":-4.328915119171143,"y":-4.969099044799805,"z":31.74411392211914},"rotation":{"x":-0.1800689399242401,"y":0.08898279070854187,"z":-0.01635749451816082,"w":-0.9794869422912598},"size":50.99443054199219,"orthographic":false}